{
  "version": "2022.1",
  "applications": [],
  "platforms": [
    {
      "name": "design_1_hyperspectral"
    }
  ],
  "systems": [
    {
      "name": "hyperspectral_system",
      "platform": "/home/andresitocc99/Documentos/SSEE_Xilinx/Vitis/design_1_hyperspectral/export/design_1_hyperspectral/design_1_hyperspectral.xpfm",
      "sysConfig": "design_1_hyperspectral",
      "buildConfig": "Debug",
      "applications": [
        {
          "name": "hyperspectral",
          "platform": "/home/andresitocc99/Documentos/SSEE_Xilinx/Vitis/design_1_hyperspectral/export/design_1_hyperspectral/design_1_hyperspectral.xpfm",
          "platformPath": "/home/andresitocc99/Documentos/SSEE_Xilinx/Vitis/design_1_hyperspectral/export/design_1_hyperspectral",
          "sysConfig": "design_1_hyperspectral",
          "domain": "standalone_psu_cortexa53_0",
          "system": "hyperspectral_system"
        }
      ],
      "platformPath": "/home/andresitocc99/Documentos/SSEE_Xilinx/Vitis/design_1_hyperspectral/export/design_1_hyperspectral"
    }
  ],
  "others": []
}